idx_preset,laga,lagb
pmarkov,0.4618276885871083,1.257805051068695
pmarkov,0.5118276885871083,1.257805051068695
pmarkov,0.5618276885871083,1.257805051068695
pmarkov,0.6118276885871082,1.257805051068695
pmarkov,0.36182768858710823,1.3078050510686952
pmarkov,0.4118276885871083,1.3078050510686952
pmarkov,0.4618276885871083,1.3078050510686952
pmarkov,0.5118276885871083,1.3078050510686952
pmarkov,0.5618276885871083,1.3078050510686952
pmarkov,0.6118276885871082,1.3078050510686952
pmarkov,0.6618276885871083,1.3078050510686952
pmarkov,0.7118276885871083,1.3078050510686952
pmarkov,0.36182768858710823,1.357805051068695
pmarkov,0.4118276885871083,1.357805051068695
pmarkov,0.4618276885871083,1.357805051068695
pmarkov,0.5118276885871083,1.357805051068695
pmarkov,0.5618276885871083,1.357805051068695
pmarkov,0.6118276885871082,1.357805051068695
pmarkov,0.6618276885871083,1.357805051068695
pmarkov,0.7118276885871083,1.357805051068695
pmarkov,0.7618276885871083,1.357805051068695
pmarkov,0.8118276885871083,1.357805051068695
pmarkov,0.3118276885871082,1.4078050510686948
pmarkov,0.36182768858710823,1.4078050510686948
pmarkov,0.4118276885871083,1.4078050510686948
pmarkov,0.4618276885871083,1.4078050510686948
pmarkov,0.5118276885871083,1.4078050510686948
pmarkov,0.5618276885871083,1.4078050510686948
pmarkov,0.6118276885871082,1.4078050510686948
pmarkov,0.6618276885871083,1.4078050510686948
pmarkov,0.7118276885871083,1.4078050510686948
pmarkov,0.7618276885871083,1.4078050510686948
pmarkov,0.8118276885871083,1.4078050510686948
pmarkov,0.8618276885871082,1.4078050510686948
pmarkov,0.9118276885871083,1.4078050510686948
pmarkov,0.26182768858710825,1.457805051068695
pmarkov,0.3118276885871082,1.457805051068695
pmarkov,0.36182768858710823,1.457805051068695
pmarkov,0.4118276885871083,1.457805051068695
pmarkov,0.4618276885871083,1.457805051068695
pmarkov,0.5118276885871083,1.457805051068695
pmarkov,0.5618276885871083,1.457805051068695
pmarkov,0.6118276885871082,1.457805051068695
pmarkov,0.6618276885871083,1.457805051068695
pmarkov,0.7118276885871083,1.457805051068695
pmarkov,0.7618276885871083,1.457805051068695
pmarkov,0.8118276885871083,1.457805051068695
pmarkov,0.8618276885871082,1.457805051068695
pmarkov,0.9118276885871083,1.457805051068695
pmarkov,0.9618276885871083,1.457805051068695
pmarkov,0.26182768858710825,1.507805051068695
pmarkov,0.3118276885871082,1.507805051068695
pmarkov,0.36182768858710823,1.507805051068695
pmarkov,0.4118276885871083,1.507805051068695
pmarkov,0.4618276885871083,1.507805051068695
pmarkov,0.5118276885871083,1.507805051068695
pmarkov,0.5618276885871083,1.507805051068695
pmarkov,0.6118276885871082,1.507805051068695
pmarkov,0.6618276885871083,1.507805051068695
pmarkov,0.7118276885871083,1.507805051068695
pmarkov,0.7618276885871083,1.507805051068695
pmarkov,0.8118276885871083,1.507805051068695
pmarkov,0.8618276885871082,1.507805051068695
pmarkov,0.9118276885871083,1.507805051068695
pmarkov,0.9618276885871083,1.507805051068695
pmarkov,0.21182768858710826,1.5578050510686952
pmarkov,0.26182768858710825,1.5578050510686952
pmarkov,0.3118276885871082,1.5578050510686952
pmarkov,0.36182768858710823,1.5578050510686952
pmarkov,0.4118276885871083,1.5578050510686952
pmarkov,0.4618276885871083,1.5578050510686952
pmarkov,0.5118276885871083,1.5578050510686952
pmarkov,0.5618276885871083,1.5578050510686952
pmarkov,0.6118276885871082,1.5578050510686952
pmarkov,0.6618276885871083,1.5578050510686952
pmarkov,0.7118276885871083,1.5578050510686952
pmarkov,0.7618276885871083,1.5578050510686952
pmarkov,0.8118276885871083,1.5578050510686952
pmarkov,0.8618276885871082,1.5578050510686952
pmarkov,0.9118276885871083,1.5578050510686952
pmarkov,0.9618276885871083,1.5578050510686952
pmarkov,1.0118276885871085,1.5578050510686952
pmarkov,0.21182768858710826,1.607805051068695
pmarkov,0.26182768858710825,1.607805051068695
pmarkov,0.3118276885871082,1.607805051068695
pmarkov,0.36182768858710823,1.607805051068695
pmarkov,0.4118276885871083,1.607805051068695
pmarkov,0.4618276885871083,1.607805051068695
pmarkov,0.5118276885871083,1.607805051068695
pmarkov,0.5618276885871083,1.607805051068695
pmarkov,0.6118276885871082,1.607805051068695
pmarkov,0.6618276885871083,1.607805051068695
pmarkov,0.7118276885871083,1.607805051068695
pmarkov,0.7618276885871083,1.607805051068695
pmarkov,0.8118276885871083,1.607805051068695
pmarkov,0.8618276885871082,1.607805051068695
pmarkov,0.9118276885871083,1.607805051068695
pmarkov,0.9618276885871083,1.607805051068695
pmarkov,1.0118276885871085,1.607805051068695
pmarkov,0.16182768858710828,1.6578050510686948
pmarkov,0.21182768858710826,1.6578050510686948
pmarkov,0.26182768858710825,1.6578050510686948
pmarkov,0.3118276885871082,1.6578050510686948
pmarkov,0.36182768858710823,1.6578050510686948
pmarkov,0.4118276885871083,1.6578050510686948
pmarkov,0.4618276885871083,1.6578050510686948
pmarkov,0.5118276885871083,1.6578050510686948
pmarkov,0.5618276885871083,1.6578050510686948
pmarkov,0.6118276885871082,1.6578050510686948
pmarkov,0.6618276885871083,1.6578050510686948
pmarkov,0.7118276885871083,1.6578050510686948
pmarkov,0.7618276885871083,1.6578050510686948
pmarkov,0.8118276885871083,1.6578050510686948
pmarkov,0.8618276885871082,1.6578050510686948
pmarkov,0.9118276885871083,1.6578050510686948
pmarkov,0.9618276885871083,1.6578050510686948
pmarkov,0.011827688587108247,1.707805051068695
pmarkov,0.061827688587108236,1.707805051068695
pmarkov,0.11182768858710823,1.707805051068695
pmarkov,0.16182768858710828,1.707805051068695
pmarkov,0.21182768858710826,1.707805051068695
pmarkov,0.26182768858710825,1.707805051068695
pmarkov,0.3118276885871082,1.707805051068695
pmarkov,0.36182768858710823,1.707805051068695
pmarkov,0.4118276885871083,1.707805051068695
pmarkov,0.4618276885871083,1.707805051068695
pmarkov,0.5118276885871083,1.707805051068695
pmarkov,0.5618276885871083,1.707805051068695
pmarkov,0.6118276885871082,1.707805051068695
pmarkov,0.6618276885871083,1.707805051068695
pmarkov,0.7118276885871083,1.707805051068695
pmarkov,0.7618276885871083,1.707805051068695
pmarkov,0.8118276885871083,1.707805051068695
pmarkov,0.8618276885871082,1.707805051068695
pmarkov,0.9118276885871083,1.707805051068695
pmarkov,0.9618276885871083,1.707805051068695
pmarkov,0.011827688587108247,1.757805051068695
pmarkov,0.061827688587108236,1.757805051068695
pmarkov,0.11182768858710823,1.757805051068695
pmarkov,0.16182768858710828,1.757805051068695
pmarkov,0.21182768858710826,1.757805051068695
pmarkov,0.26182768858710825,1.757805051068695
pmarkov,0.3118276885871082,1.757805051068695
pmarkov,0.36182768858710823,1.757805051068695
pmarkov,0.4118276885871083,1.757805051068695
pmarkov,0.4618276885871083,1.757805051068695
pmarkov,0.8618276885871082,1.757805051068695
pmarkov,0.011827688587108247,1.8078050510686952
pmarkov,0.061827688587108236,1.8078050510686952
pmarkov,0.11182768858710823,1.8078050510686952
pmarkov,0.16182768858710828,1.8078050510686952
pmarkov,0.21182768858710826,1.8078050510686952
pmarkov,0.26182768858710825,1.8078050510686952
pmarkov,0.3118276885871082,1.8078050510686952
pmarkov,0.36182768858710823,1.8078050510686952
pmarkov,0.4118276885871083,1.8078050510686952
pmarkov,0.4618276885871083,1.8078050510686952
pmarkov,0.011827688587108247,1.857805051068695
pmarkov,0.061827688587108236,1.857805051068695
pmarkov,0.11182768858710823,1.857805051068695
pmarkov,0.16182768858710828,1.857805051068695
pmarkov,0.21182768858710826,1.857805051068695
pmarkov,0.26182768858710825,1.857805051068695
pmarkov,0.3118276885871082,1.857805051068695
pmarkov,0.36182768858710823,1.857805051068695
pmarkov,0.4118276885871083,1.857805051068695
pmarkov,0.011827688587108247,1.9078050510686952
pmarkov,0.061827688587108236,1.9078050510686952
pmarkov,0.11182768858710823,1.9078050510686952
pmarkov,0.16182768858710828,1.9078050510686952
pmarkov,0.21182768858710826,1.9078050510686952
pmarkov,0.26182768858710825,1.9078050510686952
pmarkov,0.3118276885871082,1.9078050510686952
pmarkov,0.36182768858710823,1.9078050510686952
pmarkov,0.011827688587108247,1.957805051068695
pmarkov,0.061827688587108236,1.957805051068695
pmarkov,0.11182768858710823,1.957805051068695
pmarkov,0.16182768858710828,1.957805051068695
pmarkov,0.21182768858710826,1.957805051068695
pmarkov,0.26182768858710825,1.957805051068695
pmarkov,0.3118276885871082,1.957805051068695
pmarkov,0.36182768858710823,1.957805051068695
pmarkov,0.011827688587108247,2.007805051068695
pmarkov,0.061827688587108236,2.007805051068695
pmarkov,0.11182768858710823,2.007805051068695
pmarkov,0.16182768858710828,2.007805051068695
pmarkov,0.21182768858710826,2.007805051068695
pmarkov,0.26182768858710825,2.007805051068695
pmarkov,0.3118276885871082,2.007805051068695
pmarkov,0.011827688587108247,2.057805051068695
pmarkov,0.061827688587108236,2.057805051068695
pmarkov,0.11182768858710823,2.057805051068695
pmarkov,0.16182768858710828,2.057805051068695
pmarkov,0.26182768858710825,2.057805051068695
pmarkov,0.011827688587108247,2.107805051068695
pmarkov,0.061827688587108236,2.107805051068695
pmarkov,0.11182768858710823,2.107805051068695
probit,0.355,1.4812032451288513
probit,0.405,1.4812032451288513
probit,0.45500000000000007,1.4812032451288513
probit,0.20500000000000004,1.531203245128851
probit,0.255,1.531203245128851
probit,0.305,1.531203245128851
probit,0.355,1.531203245128851
probit,0.405,1.531203245128851
probit,0.45500000000000007,1.531203245128851
probit,0.505,1.531203245128851
probit,0.555,1.531203245128851
probit,0.605,1.531203245128851
probit,0.15500000000000005,1.5812032451288514
probit,0.20500000000000004,1.5812032451288514
probit,0.255,1.5812032451288514
probit,0.305,1.5812032451288514
probit,0.355,1.5812032451288514
probit,0.405,1.5812032451288514
probit,0.45500000000000007,1.5812032451288514
probit,0.505,1.5812032451288514
probit,0.555,1.5812032451288514
probit,0.605,1.5812032451288514
probit,0.655,1.5812032451288514
probit,0.7050000000000001,1.5812032451288514
probit,0.755,1.5812032451288514
probit,0.805,1.5812032451288514
probit,0.855,1.5812032451288514
probit,0.10500000000000001,1.6312032451288512
probit,0.15500000000000005,1.6312032451288512
probit,0.20500000000000004,1.6312032451288512
probit,0.255,1.6312032451288512
probit,0.305,1.6312032451288512
probit,0.355,1.6312032451288512
probit,0.405,1.6312032451288512
probit,0.45500000000000007,1.6312032451288512
probit,0.505,1.6312032451288512
probit,0.555,1.6312032451288512
probit,0.605,1.6312032451288512
probit,0.655,1.6312032451288512
probit,0.7050000000000001,1.6312032451288512
probit,0.755,1.6312032451288512
probit,0.805,1.6312032451288512
probit,0.855,1.6312032451288512
probit,0.905,1.6312032451288512
probit,0.005000000000000025,1.681203245128851
probit,0.055000000000000014,1.681203245128851
probit,0.10500000000000001,1.681203245128851
probit,0.15500000000000005,1.681203245128851
probit,0.20500000000000004,1.681203245128851
probit,0.255,1.681203245128851
probit,0.305,1.681203245128851
probit,0.355,1.681203245128851
probit,0.405,1.681203245128851
probit,0.45500000000000007,1.681203245128851
probit,0.505,1.681203245128851
probit,0.555,1.681203245128851
probit,0.605,1.681203245128851
probit,0.655,1.681203245128851
probit,0.7050000000000001,1.681203245128851
probit,0.755,1.681203245128851
probit,0.805,1.681203245128851
probit,0.855,1.681203245128851
probit,0.905,1.681203245128851
probit,0.9550000000000001,1.681203245128851
probit,1.0050000000000003,1.681203245128851
probit,1.0550000000000002,1.681203245128851
probit,1.105,1.681203245128851
probit,1.1550000000000002,1.681203245128851
probit,0.005000000000000025,1.7312032451288513
probit,0.055000000000000014,1.7312032451288513
probit,0.10500000000000001,1.7312032451288513
probit,0.15500000000000005,1.7312032451288513
probit,0.20500000000000004,1.7312032451288513
probit,0.255,1.7312032451288513
probit,0.305,1.7312032451288513
probit,0.355,1.7312032451288513
probit,0.405,1.7312032451288513
probit,0.45500000000000007,1.7312032451288513
probit,0.505,1.7312032451288513
probit,0.555,1.7312032451288513
probit,0.605,1.7312032451288513
probit,0.655,1.7312032451288513
probit,0.7050000000000001,1.7312032451288513
probit,0.755,1.7312032451288513
probit,0.805,1.7312032451288513
probit,0.855,1.7312032451288513
probit,0.905,1.7312032451288513
probit,0.9550000000000001,1.7312032451288513
probit,1.0050000000000003,1.7312032451288513
probit,1.0550000000000002,1.7312032451288513
probit,1.105,1.7312032451288513
probit,1.1550000000000002,1.7312032451288513
probit,1.205,1.7312032451288513
probit,0.005000000000000025,1.781203245128851
probit,0.055000000000000014,1.781203245128851
probit,0.10500000000000001,1.781203245128851
probit,0.15500000000000005,1.781203245128851
probit,0.20500000000000004,1.781203245128851
probit,0.255,1.781203245128851
probit,0.305,1.781203245128851
probit,0.355,1.781203245128851
probit,0.405,1.781203245128851
probit,0.45500000000000007,1.781203245128851
probit,0.505,1.781203245128851
probit,0.555,1.781203245128851
probit,0.605,1.781203245128851
probit,0.655,1.781203245128851
probit,0.7050000000000001,1.781203245128851
probit,0.755,1.781203245128851
probit,0.805,1.781203245128851
probit,0.855,1.781203245128851
probit,0.905,1.781203245128851
probit,0.9550000000000001,1.781203245128851
probit,1.0050000000000003,1.781203245128851
probit,1.0550000000000002,1.781203245128851
probit,1.105,1.781203245128851
probit,1.1550000000000002,1.781203245128851
probit,1.205,1.781203245128851
probit,1.2550000000000003,1.781203245128851
probit,1.3050000000000002,1.781203245128851
probit,0.005000000000000025,1.8312032451288514
probit,0.055000000000000014,1.8312032451288514
probit,0.10500000000000001,1.8312032451288514
probit,0.15500000000000005,1.8312032451288514
probit,0.20500000000000004,1.8312032451288514
probit,0.255,1.8312032451288514
probit,0.305,1.8312032451288514
probit,0.355,1.8312032451288514
probit,0.405,1.8312032451288514
probit,0.45500000000000007,1.8312032451288514
probit,0.505,1.8312032451288514
probit,0.555,1.8312032451288514
probit,0.605,1.8312032451288514
probit,0.655,1.8312032451288514
probit,0.7050000000000001,1.8312032451288514
probit,0.755,1.8312032451288514
probit,0.805,1.8312032451288514
probit,0.855,1.8312032451288514
probit,0.905,1.8312032451288514
probit,0.9550000000000001,1.8312032451288514
probit,1.0050000000000003,1.8312032451288514
probit,1.0550000000000002,1.8312032451288514
probit,1.105,1.8312032451288514
probit,1.1550000000000002,1.8312032451288514
probit,1.205,1.8312032451288514
probit,1.2550000000000003,1.8312032451288514
probit,1.3050000000000002,1.8312032451288514
probit,1.355,1.8312032451288514
probit,0.005000000000000025,1.8812032451288512
probit,0.055000000000000014,1.8812032451288512
probit,0.10500000000000001,1.8812032451288512
probit,0.15500000000000005,1.8812032451288512
probit,0.20500000000000004,1.8812032451288512
probit,0.255,1.8812032451288512
probit,0.305,1.8812032451288512
probit,0.355,1.8812032451288512
probit,0.405,1.8812032451288512
probit,0.45500000000000007,1.8812032451288512
probit,0.505,1.8812032451288512
probit,0.555,1.8812032451288512
probit,0.605,1.8812032451288512
probit,0.655,1.8812032451288512
probit,0.7050000000000001,1.8812032451288512
probit,0.755,1.8812032451288512
probit,0.805,1.8812032451288512
probit,0.855,1.8812032451288512
probit,0.905,1.8812032451288512
probit,0.9550000000000001,1.8812032451288512
probit,1.0050000000000003,1.8812032451288512
probit,1.0550000000000002,1.8812032451288512
probit,1.105,1.8812032451288512
probit,1.1550000000000002,1.8812032451288512
probit,1.205,1.8812032451288512
probit,1.2550000000000003,1.8812032451288512
probit,1.3050000000000002,1.8812032451288512
probit,1.355,1.8812032451288512
probit,1.4050000000000002,1.8812032451288512
probit,0.005000000000000025,1.931203245128851
probit,0.055000000000000014,1.931203245128851
probit,0.10500000000000001,1.931203245128851
probit,0.15500000000000005,1.931203245128851
probit,0.20500000000000004,1.931203245128851
probit,0.255,1.931203245128851
probit,0.305,1.931203245128851
probit,0.355,1.931203245128851
probit,0.505,1.931203245128851
probit,0.555,1.931203245128851
probit,0.605,1.931203245128851
probit,0.655,1.931203245128851
probit,0.7050000000000001,1.931203245128851
probit,0.755,1.931203245128851
probit,0.805,1.931203245128851
probit,0.855,1.931203245128851
probit,0.905,1.931203245128851
probit,0.9550000000000001,1.931203245128851
probit,1.0050000000000003,1.931203245128851
probit,1.0550000000000002,1.931203245128851
probit,1.105,1.931203245128851
probit,1.1550000000000002,1.931203245128851
probit,1.205,1.931203245128851
probit,1.2550000000000003,1.931203245128851
probit,1.3050000000000002,1.931203245128851
probit,1.355,1.931203245128851
probit,1.4050000000000002,1.931203245128851
probit,0.005000000000000025,1.9812032451288513
probit,0.055000000000000014,1.9812032451288513
probit,0.10500000000000001,1.9812032451288513
probit,0.15500000000000005,1.9812032451288513
probit,0.20500000000000004,1.9812032451288513
probit,0.255,1.9812032451288513
probit,0.305,1.9812032451288513
probit,0.755,1.9812032451288513
probit,0.805,1.9812032451288513
probit,0.855,1.9812032451288513
probit,0.905,1.9812032451288513
probit,0.9550000000000001,1.9812032451288513
probit,1.0050000000000003,1.9812032451288513
probit,1.0550000000000002,1.9812032451288513
probit,1.105,1.9812032451288513
probit,1.1550000000000002,1.9812032451288513
probit,1.205,1.9812032451288513
probit,1.2550000000000003,1.9812032451288513
probit,1.3050000000000002,1.9812032451288513
probit,1.355,1.9812032451288513
probit,1.4050000000000002,1.9812032451288513
probit,0.005000000000000025,2.0312032451288515
probit,0.055000000000000014,2.0312032451288515
probit,0.10500000000000001,2.0312032451288515
probit,0.15500000000000005,2.0312032451288515
probit,0.20500000000000004,2.0312032451288515
probit,0.905,2.0312032451288515
probit,0.9550000000000001,2.0312032451288515
probit,1.0050000000000003,2.0312032451288515
probit,1.0550000000000002,2.0312032451288515
probit,1.105,2.0312032451288515
probit,1.1550000000000002,2.0312032451288515
probit,1.205,2.0312032451288515
probit,1.2550000000000003,2.0312032451288515
probit,1.3050000000000002,2.0312032451288515
probit,1.355,2.0312032451288515
probit,0.005000000000000025,2.0812032451288514
probit,0.055000000000000014,2.0812032451288514
probit,0.10500000000000001,2.0812032451288514
probit,0.15500000000000005,2.0812032451288514
probit,0.9550000000000001,2.0812032451288514
probit,1.0050000000000003,2.0812032451288514
probit,1.0550000000000002,2.0812032451288514
probit,1.1550000000000002,2.0812032451288514
probit,1.205,2.0812032451288514
probit,1.2550000000000003,2.0812032451288514
probit,1.3050000000000002,2.0812032451288514
u798,0.405,1.0675094062624186
u798,0.45500000000000007,1.0675094062624186
u798,0.505,1.0675094062624186
u798,0.555,1.0675094062624186
u798,0.605,1.0675094062624186
u798,0.655,1.0675094062624186
u798,0.355,1.1175094062624185
u798,0.405,1.1175094062624185
u798,0.45500000000000007,1.1175094062624185
u798,0.505,1.1175094062624185
u798,0.555,1.1175094062624185
u798,0.605,1.1175094062624185
u798,0.655,1.1175094062624185
u798,0.7050000000000001,1.1175094062624185
u798,0.755,1.1175094062624185
u798,0.805,1.1175094062624185
u798,0.855,1.1175094062624185
u798,0.905,1.1175094062624185
u798,0.9550000000000001,1.1175094062624185
u798,1.105,1.1175094062624185
u798,1.155,1.1175094062624185
u798,0.305,1.1675094062624187
u798,0.355,1.1675094062624187
u798,0.405,1.1675094062624187
u798,0.45500000000000007,1.1675094062624187
u798,0.505,1.1675094062624187
u798,0.555,1.1675094062624187
u798,0.605,1.1675094062624187
u798,0.655,1.1675094062624187
u798,0.7050000000000001,1.1675094062624187
u798,0.755,1.1675094062624187
u798,0.805,1.1675094062624187
u798,0.855,1.1675094062624187
u798,0.905,1.1675094062624187
u798,0.9550000000000001,1.1675094062624187
u798,1.0050000000000001,1.1675094062624187
u798,1.0550000000000002,1.1675094062624187
u798,1.105,1.1675094062624187
u798,1.155,1.1675094062624187
u798,1.205,1.1675094062624187
u798,1.2550000000000001,1.1675094062624187
u798,0.255,1.2175094062624185
u798,0.305,1.2175094062624185
u798,0.355,1.2175094062624185
u798,0.405,1.2175094062624185
u798,0.45500000000000007,1.2175094062624185
u798,0.505,1.2175094062624185
u798,0.555,1.2175094062624185
u798,0.605,1.2175094062624185
u798,0.655,1.2175094062624185
u798,0.7050000000000001,1.2175094062624185
u798,0.755,1.2175094062624185
u798,0.805,1.2175094062624185
u798,0.855,1.2175094062624185
u798,0.905,1.2175094062624185
u798,0.9550000000000001,1.2175094062624185
u798,1.0050000000000001,1.2175094062624185
u798,1.0550000000000002,1.2175094062624185
u798,1.105,1.2175094062624185
u798,1.155,1.2175094062624185
u798,1.205,1.2175094062624185
u798,1.2550000000000001,1.2175094062624185
u798,0.20500000000000004,1.2675094062624184
u798,0.255,1.2675094062624184
u798,0.305,1.2675094062624184
u798,0.355,1.2675094062624184
u798,0.405,1.2675094062624184
u798,0.45500000000000007,1.2675094062624184
u798,0.505,1.2675094062624184
u798,0.555,1.2675094062624184
u798,0.605,1.2675094062624184
u798,0.655,1.2675094062624184
u798,0.7050000000000001,1.2675094062624184
u798,0.755,1.2675094062624184
u798,0.805,1.2675094062624184
u798,0.855,1.2675094062624184
u798,0.905,1.2675094062624184
u798,0.9550000000000001,1.2675094062624184
u798,1.0050000000000001,1.2675094062624184
u798,1.0550000000000002,1.2675094062624184
u798,1.105,1.2675094062624184
u798,1.155,1.2675094062624184
u798,1.205,1.2675094062624184
u798,1.2550000000000001,1.2675094062624184
u798,0.20500000000000004,1.3175094062624186
u798,0.255,1.3175094062624186
u798,0.305,1.3175094062624186
u798,0.355,1.3175094062624186
u798,0.405,1.3175094062624186
u798,0.45500000000000007,1.3175094062624186
u798,0.505,1.3175094062624186
u798,0.555,1.3175094062624186
u798,0.605,1.3175094062624186
u798,0.655,1.3175094062624186
u798,0.7050000000000001,1.3175094062624186
u798,0.755,1.3175094062624186
u798,0.805,1.3175094062624186
u798,0.855,1.3175094062624186
u798,0.905,1.3175094062624186
u798,0.9550000000000001,1.3175094062624186
u798,1.0050000000000001,1.3175094062624186
u798,1.0550000000000002,1.3175094062624186
u798,1.105,1.3175094062624186
u798,1.155,1.3175094062624186
u798,1.205,1.3175094062624186
u798,1.2550000000000001,1.3175094062624186
u798,0.15500000000000005,1.3675094062624185
u798,0.20500000000000004,1.3675094062624185
u798,0.255,1.3675094062624185
u798,0.305,1.3675094062624185
u798,0.355,1.3675094062624185
u798,0.405,1.3675094062624185
u798,0.45500000000000007,1.3675094062624185
u798,0.505,1.3675094062624185
u798,0.555,1.3675094062624185
u798,0.605,1.3675094062624185
u798,0.655,1.3675094062624185
u798,0.7050000000000001,1.3675094062624185
u798,0.755,1.3675094062624185
u798,0.805,1.3675094062624185
u798,0.855,1.3675094062624185
u798,0.905,1.3675094062624185
u798,0.9550000000000001,1.3675094062624185
u798,1.0050000000000001,1.3675094062624185
u798,1.0550000000000002,1.3675094062624185
u798,1.105,1.3675094062624185
u798,1.155,1.3675094062624185
u798,1.205,1.3675094062624185
u798,1.2550000000000001,1.3675094062624185
u798,0.10500000000000001,1.4175094062624187
u798,0.15500000000000005,1.4175094062624187
u798,0.20500000000000004,1.4175094062624187
u798,0.255,1.4175094062624187
u798,0.305,1.4175094062624187
u798,0.355,1.4175094062624187
u798,0.405,1.4175094062624187
u798,0.45500000000000007,1.4175094062624187
u798,0.505,1.4175094062624187
u798,0.555,1.4175094062624187
u798,0.605,1.4175094062624187
u798,0.655,1.4175094062624187
u798,0.7050000000000001,1.4175094062624187
u798,0.755,1.4175094062624187
u798,0.805,1.4175094062624187
u798,0.855,1.4175094062624187
u798,0.905,1.4175094062624187
u798,0.9550000000000001,1.4175094062624187
u798,1.0050000000000001,1.4175094062624187
u798,1.0550000000000002,1.4175094062624187
u798,1.105,1.4175094062624187
u798,1.155,1.4175094062624187
u798,1.205,1.4175094062624187
u798,0.005000000000000011,1.4675094062624185
u798,0.055,1.4675094062624185
u798,0.10500000000000001,1.4675094062624185
u798,0.15500000000000005,1.4675094062624185
u798,0.20500000000000004,1.4675094062624185
u798,0.255,1.4675094062624185
u798,0.305,1.4675094062624185
u798,0.355,1.4675094062624185
u798,0.405,1.4675094062624185
u798,0.45500000000000007,1.4675094062624185
u798,0.505,1.4675094062624185
u798,0.555,1.4675094062624185
u798,0.605,1.4675094062624185
u798,0.655,1.4675094062624185
u798,0.7050000000000001,1.4675094062624185
u798,0.755,1.4675094062624185
u798,0.805,1.4675094062624185
u798,0.855,1.4675094062624185
u798,0.905,1.4675094062624185
u798,0.9550000000000001,1.4675094062624185
u798,1.0050000000000001,1.4675094062624185
u798,1.0550000000000002,1.4675094062624185
u798,1.105,1.4675094062624185
u798,1.155,1.4675094062624185
u798,0.005000000000000011,1.5175094062624184
u798,0.055,1.5175094062624184
u798,0.10500000000000001,1.5175094062624184
u798,0.15500000000000005,1.5175094062624184
u798,0.20500000000000004,1.5175094062624184
u798,0.255,1.5175094062624184
u798,0.305,1.5175094062624184
u798,0.355,1.5175094062624184
u798,0.405,1.5175094062624184
u798,0.45500000000000007,1.5175094062624184
u798,0.505,1.5175094062624184
u798,0.555,1.5175094062624184
u798,0.605,1.5175094062624184
u798,0.005000000000000011,1.5675094062624186
u798,0.055,1.5675094062624186
u798,0.10500000000000001,1.5675094062624186
u798,0.15500000000000005,1.5675094062624186
u798,0.20500000000000004,1.5675094062624186
u798,0.255,1.5675094062624186
u798,0.305,1.5675094062624186
u798,0.355,1.5675094062624186
u798,0.405,1.5675094062624186
u798,0.45500000000000007,1.5675094062624186
u798,0.505,1.5675094062624186
u798,0.005000000000000011,1.6175094062624185
u798,0.055,1.6175094062624185
u798,0.10500000000000001,1.6175094062624185
u798,0.15500000000000005,1.6175094062624185
u798,0.20500000000000004,1.6175094062624185
u798,0.255,1.6175094062624185
u798,0.305,1.6175094062624185
u798,0.355,1.6175094062624185
u798,0.405,1.6175094062624185
u798,0.45500000000000007,1.6175094062624185
u798,0.505,1.6175094062624185
u798,0.005000000000000011,1.6675094062624187
u798,0.055,1.6675094062624187
u798,0.10500000000000001,1.6675094062624187
u798,0.15500000000000005,1.6675094062624187
u798,0.20500000000000004,1.6675094062624187
u798,0.255,1.6675094062624187
u798,0.305,1.6675094062624187
u798,0.355,1.6675094062624187
u798,0.405,1.6675094062624187
u798,0.45500000000000007,1.6675094062624187
u798,0.005000000000000011,1.7175094062624185
u798,0.055,1.7175094062624185
u798,0.10500000000000001,1.7175094062624185
u798,0.15500000000000005,1.7175094062624185
u798,0.20500000000000004,1.7175094062624185
u798,0.255,1.7175094062624185
u798,0.305,1.7175094062624185
u798,0.355,1.7175094062624185
u798,0.005000000000000011,1.7675094062624184
u798,0.055,1.7675094062624184
u798,0.10500000000000001,1.7675094062624184
u798,0.15500000000000005,1.7675094062624184
u798,0.20500000000000004,1.7675094062624184
u798,0.255,1.7675094062624184
u798,0.305,1.7675094062624184
u798,0.355,1.7675094062624184
u798,0.005000000000000011,1.8175094062624186
u798,0.055,1.8175094062624186
u798,0.10500000000000001,1.8175094062624186
u798,0.15500000000000005,1.8175094062624186
u798,0.20500000000000004,1.8175094062624186
u798,0.255,1.8175094062624186
u798,0.305,1.8175094062624186
u798,0.355,1.8175094062624186
u798,0.005000000000000011,1.8675094062624185
u798,0.055,1.8675094062624185
u798,0.10500000000000001,1.8675094062624185
u798,0.15500000000000005,1.8675094062624185
u798,0.20500000000000004,1.8675094062624185
u798,0.255,1.8675094062624185
u798,0.305,1.8675094062624185
u798,0.005000000000000011,1.9175094062624187
u798,0.055,1.9175094062624187
u798,0.10500000000000001,1.9175094062624187
u798,0.15500000000000005,1.9175094062624187
u798,0.20500000000000004,1.9175094062624187
u798,0.005000000000000011,1.9675094062624185
u798,0.055,1.9675094062624185
u798,0.10500000000000001,1.9675094062624185
u798,0.15500000000000005,1.9675094062624185
u798,0.20500000000000004,1.9675094062624185
u798,0.005000000000000011,2.0175094062624184
u798,0.055,2.0175094062624184
u798,0.10500000000000001,2.0175094062624184
u798,0.15500000000000005,2.0175094062624184
